ID,subject
20,sub-020
29,sub-029
30,sub-030
1005,sub-1005
1072,sub-1072
1074,sub-1074
1099,sub-1099
1205,sub-1205
1206,sub-1206
1210,sub-1210
1212,sub-1212
1220,sub-1220
1221,sub-1221
1223,sub-1223
1237,sub-1237
1245,sub-1245
1254,sub-1254
1258,sub-1258
1266,sub-1266
1268,sub-1268
1269,sub-1269
1271,sub-1271
1272,sub-1272
1290,sub-1290
1291,sub-1291
1301,sub-1301
1303,sub-1303
1309,sub-1309
1312,sub-1312
1319,sub-1319
1320,sub-1320
1326,sub-1326
1338,sub-1338
1340,sub-1340
1345,sub-1345
1347,sub-1347
1350,sub-1350
1359,sub-1359
1362,sub-1362
1374,sub-1374
1379,sub-1379
1389,sub-1389
1407,sub-1407
1460,sub-1460
1531,sub-1531
1538,sub-1538
